date,year,month,day,cases,deaths,daily_cases,daily_deaths,no_days_since_jan,no_days_since_vaccine,temp_high,temp_low,moving_avg_temp_high,moving_avg_temp_low
1/7/2020,2020,1,7,0,0,0,0,0,0,7,2,,
1/8/2020,2020,1,8,0,0,0,0,0,0,6,-2,,
1/9/2020,2020,1,9,0,0,0,0,0,0,1,-5,,
1/10/2020,2020,1,10,0,0,0,0,0,0,13,1,,
1/11/2020,2020,1,11,0,0,0,0,0,0,21,11,,
1/12/2020,2020,1,12,0,0,0,0,0,0,20,6,,
1/13/2020,2020,1,13,0,0,0,0,0,0,8,3,,
1/14/2020,2020,1,14,0,0,0,0,0,0,8,4,,
1/15/2020,2020,1,15,0,0,0,0,0,0,10,5,,
1/16/2020,2020,1,16,0,0,0,0,0,0,9,1,,
1/17/2020,2020,1,17,0,0,0,0,0,0,1,-6,,
1/18/2020,2020,1,18,0,0,0,0,0,0,3,-7,,
1/19/2020,2020,1,19,0,0,0,0,0,0,6,-3,,
1/20/2020,2020,1,20,0,0,0,0,0,0,-1,-7,,
1/21/2020,2020,1,21,1,0,1,0,1,0,1,-7,4.142857143,-3.428571429
1/22/2020,2020,1,22,1,0,0,0,2,0,3,-4,3.142857143,-4.714285714
1/23/2020,2020,1,23,1,0,0,0,3,0,8,1,3,-4.714285714
1/24/2020,2020,1,24,2,0,1,0,4,0,11,3,4.428571429,-3.428571429
1/25/2020,2020,1,25,3,0,1,0,5,0,11,3,5.571428571,-2
1/26/2020,2020,1,26,5,0,2,0,6,0,8,3,5.857142857,-1.142857143
1/27/2020,2020,1,27,5,0,0,0,7,0,7,3,7,0.285714286
1/28/2020,2020,1,28,5,0,0,0,8,0,6,3,7.714285714,1.714285714
1/29/2020,2020,1,29,5,0,0,0,9,0,5,-1,8,2.142857143
1/30/2020,2020,1,30,6,0,1,0,10,0,3,-4,7.285714286,1.428571429
1/31/2020,2020,1,31,7,0,1,0,11,0,7,1,6.714285714,1.142857143
2/1/2020,2020,2,1,8,0,1,0,12,0,6,3,6,1.142857143
2/2/2020,2020,2,2,11,0,3,0,13,0,7,2,5.857142857,1
2/3/2020,2020,2,3,11,0,0,0,14,0,14,3,6.857142857,1
2/4/2020,2020,2,4,11,0,0,0,15,0,16,6,8.285714286,1.428571429
2/5/2020,2020,2,5,12,0,1,0,16,0,13,4,9.428571429,2.142857143
2/6/2020,2020,2,6,12,0,0,0,17,0,5,2,9.714285714,3
2/7/2020,2020,2,7,12,0,0,0,18,0,13,1,10.57142857,3
2/8/2020,2020,2,8,12,0,0,0,19,0,5,-1,10.42857143,2.428571429
2/9/2020,2020,2,9,12,0,0,0,20,0,7,-1,10.42857143,2
2/10/2020,2020,2,10,13,0,1,0,21,0,8,6,9.571428571,2.428571429
2/11/2020,2020,2,11,13,0,0,0,22,0,9,6,8.571428571,2.428571429
2/12/2020,2020,2,12,14,0,1,0,23,0,8,3,7.857142857,2.285714286
2/13/2020,2020,2,13,15,0,1,0,24,0,7,3,8.142857143,2.428571429
2/14/2020,2020,2,14,15,0,0,0,25,0,4,-8,6.857142857,1.142857143
2/15/2020,2020,2,15,15,0,0,0,26,0,-1,-10,6,-0.142857143
2/16/2020,2020,2,16,15,0,0,0,27,0,7,-1,6,-0.142857143
2/17/2020,2020,2,17,25,0,10,0,28,0,11,3,6.428571429,-0.571428571
2/18/2020,2020,2,18,25,0,0,0,29,0,8,3,6.285714286,-1
2/19/2020,2020,2,19,25,0,0,0,30,0,9,0,6.428571429,-1.428571429
2/20/2020,2020,2,20,27,0,2,0,31,0,2,-3,5.714285714,-2.285714286
2/21/2020,2020,2,21,30,0,3,0,32,0,2,-7,5.428571429,-2.142857143
2/22/2020,2020,2,22,30,0,0,0,33,0,10,-1,7,-0.857142857
2/23/2020,2020,2,23,30,0,0,0,34,0,13,4,7.857142857,-0.142857143
2/24/2020,2020,2,24,43,0,13,0,35,0,17,5,8.714285714,0.142857143
2/25/2020,2020,2,25,45,0,2,0,36,0,12,8,9.285714286,0.857142857
2/26/2020,2020,2,26,60,0,15,0,37,0,9,6,9.285714286,1.714285714
2/27/2020,2020,2,27,60,0,0,0,38,0,6,-1,9.857142857,2
2/28/2020,2020,2,28,65,0,5,0,39,0,6,-2,10.42857143,2.714285714
2/29/2020,2020,2,29,70,1,5,1,40,0,2,-4,9.285714286,2.285714286
3/1/2020,2020,3,1,88,3,18,2,41,0,7,-4,8.428571429,1.142857143
3/2/2020,2020,3,2,104,6,16,3,42,0,14,4,8,1
3/3/2020,2020,3,3,125,10,21,4,43,0,15,9,8.428571429,1.142857143
3/4/2020,2020,3,4,161,12,36,2,44,0,13,7,9,1.285714286
3/5/2020,2020,3,5,228,12,67,0,45,0,11,4,9.714285714,2
3/6/2020,2020,3,6,311,15,83,3,46,0,7,3,9.857142857,2.714285714
3/7/2020,2020,3,7,428,19,117,4,47,0,9,2,10.85714286,3.571428571
3/8/2020,2020,3,8,547,22,119,3,48,0,15,2,12,4.428571429
3/9/2020,2020,3,9,748,26,201,4,49,0,22,8,13.14285714,5
3/10/2020,2020,3,10,1018,31,270,5,50,0,18,12,13.57142857,5.428571429
3/11/2020,2020,3,11,1263,37,245,6,51,0,14,6,13.71428571,5.285714286
3/12/2020,2020,3,12,1668,43,405,6,52,0,10,6,13.57142857,5.571428571
3/13/2020,2020,3,13,2224,50,556,7,53,0,21,7,15.57142857,6.142857143
3/14/2020,2020,3,14,2898,60,674,10,54,0,14,6,16.28571429,6.714285714
3/15/2020,2020,3,15,3600,68,702,8,55,0,12,4,15.85714286,7
3/16/2020,2020,3,16,4507,91,907,23,56,0,7,1,13.71428571,6
3/17/2020,2020,3,17,5906,117,1399,26,57,0,12,5,12.85714286,5
3/18/2020,2020,3,18,8350,162,2444,45,58,0,12,5,12.57142857,4.857142857
3/19/2020,2020,3,19,12393,212,4043,50,59,0,11,5,12.71428571,4.714285714
3/20/2020,2020,3,20,18012,277,5619,65,60,0,25,8,13.28571429,4.857142857
3/21/2020,2020,3,21,24528,360,6516,83,61,0,18,4,13.85714286,4.571428571
3/22/2020,2020,3,22,33073,458,8545,98,62,0,7,1,13.14285714,4.142857143
3/23/2020,2020,3,23,43505,579,10432,121,63,0,5,2,12.85714286,4.285714286
3/24/2020,2020,3,24,53938,785,10433,206,64,0,13,2,13,3.857142857
3/25/2020,2020,3,25,68572,1054,14634,269,65,0,7,4,12.28571429,3.714285714
3/26/2020,2020,3,26,85570,1353,16998,299,66,0,16,3,13,3.428571429
3/27/2020,2020,3,27,102900,1770,17330,417,67,0,21,10,12.42857143,3.714285714
3/28/2020,2020,3,28,123966,2300,21066,530,68,0,12,7,11.57142857,4.142857143
3/29/2020,2020,3,29,142486,2718,18520,418,69,0,8,7,11.71428571,5
3/30/2020,2020,3,30,163955,3368,21469,650,70,0,11,5,12.57142857,5.428571429
3/31/2020,2020,3,31,188461,4304,24506,936,71,0,9,5,12,5.857142857
4/1/2020,2020,4,1,215391,5325,26930,1021,72,0,13,3,12.85714286,5.714285714
4/2/2020,2020,4,2,245108,6541,29717,1216,73,0,14,3,12.57142857,5.714285714
4/3/2020,2020,4,3,277426,7932,32318,1391,74,0,11,7,11.14285714,5.285714286
4/4/2020,2020,4,4,312525,9488,35099,1556,75,0,17,8,11.85714286,5.428571429
4/5/2020,2020,4,5,338141,10856,25616,1368,76,0,18,8,13.28571429,5.571428571
4/6/2020,2020,4,6,369057,12382,30916,1526,77,0,19,9,14.42857143,6.142857143
4/7/2020,2020,4,7,399394,14616,30337,2234,78,0,20,11,16,7
4/8/2020,2020,4,8,431214,16701,31820,2085,79,0,18,9,16.71428571,7.857142857
4/9/2020,2020,4,9,465913,18821,34699,2120,80,0,15,6,16.85714286,8.285714286
4/10/2020,2020,4,10,499386,21084,33473,2263,81,0,9,3,16.57142857,7.714285714
4/11/2020,2020,4,11,531106,23168,31720,2084,82,0,13,3,16,7
4/12/2020,2020,4,12,558249,24849,27143,1681,83,0,17,7,15.85714286,6.857142857
4/13/2020,2020,4,13,584018,26613,25769,1764,84,0,19,12,15.85714286,7.285714286
4/14/2020,2020,4,14,610709,29318,26691,2705,85,0,16,8,15.28571429,6.857142857
4/15/2020,2020,4,15,640742,32070,30033,2752,86,0,12,6,14.42857143,6.428571429
4/16/2020,2020,4,16,672355,34419,31613,2349,87,0,10,3,13.71428571,6
4/17/2020,2020,4,17,703864,36708,31509,2289,88,0,11,2,14,5.857142857
4/18/2020,2020,4,18,732262,38659,28398,1951,89,0,8,5,13.28571429,6.142857143
4/19/2020,2020,4,19,757596,40179,25334,1520,90,0,17,4,13.28571429,5.714285714
4/20/2020,2020,4,20,784991,42016,27395,1837,91,0,14,9,12.57142857,5.285714286
4/21/2020,2020,4,21,810505,44688,25514,2672,92,0,16,4,12.57142857,4.714285714
4/22/2020,2020,4,22,839336,47059,28831,2371,93,0,11,2,12.42857143,4.142857143
4/23/2020,2020,4,23,873112,49228,33776,2169,94,0,11,4,12.57142857,4.285714286
4/24/2020,2020,4,24,909853,51360,36741,2132,95,0,9,6,12.28571429,4.857142857
4/25/2020,2020,4,25,944261,53327,34408,1967,96,0,18,7,13.71428571,5.142857143
4/26/2020,2020,4,26,970996,54580,26735,1253,97,0,11,6,12.85714286,5.428571429
4/27/2020,2020,4,27,994193,56022,23197,1442,98,0,10,4,12.28571429,4.714285714
4/28/2020,2020,4,28,1018844,58416,24651,2394,99,0,19,5,12.71428571,4.857142857
4/29/2020,2020,4,29,1045399,60930,26555,2514,100,0,15,8,13.28571429,5.714285714
4/30/2020,2020,4,30,1075756,63140,30357,2210,101,0,16,9,14,6.428571429
5/1/2020,2020,5,1,1109726,64902,33970,1762,102,0,19,12,15.42857143,7.285714286
5/2/2020,2020,5,2,1139200,66485,29474,1583,103,0,23,11,16.14285714,7.857142857
5/3/2020,2020,5,3,1165340,67816,26140,1331,104,0,27,12,18.42857143,8.714285714
5/4/2020,2020,5,4,1187302,68905,21962,1089,105,0,24,10,20.42857143,9.571428571
5/5/2020,2020,5,5,1211011,71139,23709,2234,106,0,17,8,20.14285714,10
5/6/2020,2020,5,6,1235517,73847,24506,2708,107,0,11,7,19.57142857,9.857142857
5/7/2020,2020,5,7,1263995,75805,28478,1958,108,0,19,8,20,9.714285714
5/8/2020,2020,5,8,1291643,77380,27648,1575,109,0,14,2,19.28571429,8.285714286
5/9/2020,2020,5,9,1316511,78834,24868,1454,110,0,9,1,17.28571429,6.857142857
5/10/2020,2020,5,10,1336828,79766,20317,932,111,0,18,4,16,5.714285714
5/11/2020,2020,5,11,1354449,80748,17621,982,112,0,16,7,14.85714286,5.285714286
5/12/2020,2020,5,12,1376749,82400,22300,1652,113,0,15,6,14.57142857,5
5/13/2020,2020,5,13,1397894,84168,21145,1768,114,0,18,5,15.57142857,4.714285714
5/14/2020,2020,5,14,1424856,85906,26962,1738,115,0,19,8,15.57142857,4.714285714
5/15/2020,2020,5,15,1451093,87499,26237,1593,116,0,29,16,17.71428571,6.714285714
5/16/2020,2020,5,16,1474752,88724,23659,1225,117,0,25,15,20,8.714285714
5/17/2020,2020,5,17,1493766,89568,19014,844,118,0,21,13,20.42857143,10
5/18/2020,2020,5,18,1515593,90414,21827,846,119,0,21,12,21.14285714,10.71428571
5/19/2020,2020,5,19,1536570,91934,20977,1520,120,0,20,12,21.85714286,11.57142857
5/20/2020,2020,5,20,1559640,93411,23070,1477,121,0,19,9,22,12.14285714
5/21/2020,2020,5,21,1585373,94722,25733,1311,122,0,20,8,22.14285714,12.14285714
5/22/2020,2020,5,22,1609172,96010,23799,1288,123,0,25,12,21.57142857,11.57142857
5/23/2020,2020,5,23,1631440,97060,22268,1050,124,0,19,13,20.71428571,11.28571429
5/24/2020,2020,5,24,1651471,97680,20031,620,125,0,19,11,20.42857143,11
5/25/2020,2020,5,25,1670571,98190,19100,510,126,0,22,13,20.57142857,11.14285714
5/26/2020,2020,5,26,1689467,98937,18896,747,127,0,26,14,21.42857143,11.42857143
5/27/2020,2020,5,27,1708211,100422,18744,1485,128,0,26,16,22.42857143,12.42857143
5/28/2020,2020,5,28,1730723,101622,22512,1200,129,0,24,18,23,13.85714286
5/29/2020,2020,5,29,1755271,102812,24548,1190,130,0,27,19,23.28571429,14.85714286
5/30/2020,2020,5,30,1778668,103775,23397,963,131,0,27,19,24.42857143,15.71428571
5/31/2020,2020,5,31,1799302,104379,20634,604,132,0,21,13,24.71428571,16
6/1/2020,2020,6,1,1821199,105113,21897,734,133,0,21,11,24.57142857,15.71428571
6/2/2020,2020,6,2,1841990,106195,20791,1082,134,0,22,15,24,15.85714286
6/3/2020,2020,6,3,1861977,107184,19987,989,135,0,26,16,24,15.85714286
6/4/2020,2020,6,4,1883593,108192,21616,1008,136,0,29,19,24.71428571,16
6/5/2020,2020,6,5,1912302,109304,28709,1112,137,0,26,21,24.57142857,16.28571429
6/6/2020,2020,6,6,1934818,110032,22516,728,138,0,30,21,25,16.57142857
6/7/2020,2020,6,7,1953434,110422,18616,390,139,0,24,17,25.42857143,17.14285714
6/8/2020,2020,6,8,1971641,111144,18207,722,140,0,26,15,26.14285714,17.71428571
6/9/2020,2020,6,9,1990446,112174,18805,1030,141,0,31,18,27.42857143,18.14285714
6/10/2020,2020,6,10,2013298,113103,22852,929,142,0,29,21,27.85714286,18.85714286
6/11/2020,2020,6,11,2036500,113980,23202,877,143,0,29,21,27.85714286,19.14285714
6/12/2020,2020,6,12,2061993,114759,25493,779,144,0,29,21,28.28571429,19.14285714
6/13/2020,2020,6,13,2087327,115451,25334,692,145,0,24,15,27.42857143,18.28571429
6/14/2020,2020,6,14,2106457,115768,19130,317,146,0,23,12,27.28571429,17.57142857
6/15/2020,2020,6,15,2126574,116216,20117,448,147,0,24,15,27,17.57142857
6/16/2020,2020,6,16,2151459,116985,24885,769,148,0,26,16,26.28571429,17.28571429
6/17/2020,2020,6,17,2177114,117746,25655,761,149,0,26,16,25.85714286,16.57142857
6/18/2020,2020,6,18,2205173,118473,28059,727,150,0,25,18,25.28571429,16.14285714
6/19/2020,2020,6,19,2236009,119171,30836,698,151,0,28,18,25.14285714,15.71428571
6/20/2020,2020,6,20,2268034,119717,32025,546,152,0,30,21,26,16.57142857
6/21/2020,2020,6,21,2294413,119974,26379,257,153,0,31,21,27.14285714,17.85714286
6/22/2020,2020,6,22,2324879,120334,30466,360,154,0,32,22,28.28571429,18.85714286
6/23/2020,2020,6,23,2359939,121167,35060,833,155,0,31,23,29,19.85714286
6/24/2020,2020,6,24,2396928,121934,36989,767,156,0,30,23,29.57142857,20.85714286
6/25/2020,2020,6,25,2438101,124400,41173,2466,157,0,31,22,30.42857143,21.42857143
6/26/2020,2020,6,26,2483629,125033,45528,633,158,0,31,21,30.85714286,21.85714286
6/27/2020,2020,6,27,2525928,125544,42299,511,159,0,27,22,30.42857143,22
6/28/2020,2020,6,28,2565436,125815,39508,271,160,0,32,21,30.57142857,22
6/29/2020,2020,6,29,2604932,126162,39496,347,161,0,31,18,30.42857143,21.42857143
6/30/2020,2020,6,30,2653321,127462,48389,1300,162,0,27,19,29.85714286,20.85714286
7/1/2020,2020,7,1,2703296,128104,49975,642,163,0,27,19,29.42857143,20.28571429
7/2/2020,2020,7,2,2758855,128827,55559,723,164,0,33,20,29.71428571,20
7/3/2020,2020,7,3,2816009,129418,57154,591,165,0,32,22,29.85714286,20.14285714
7/4/2020,2020,7,4,2866015,129679,50006,261,166,0,31,20,30.42857143,19.85714286
7/5/2020,2020,7,5,2910782,129941,44767,262,167,0,33,22,30.57142857,20
7/6/2020,2020,7,6,2958098,130332,47316,391,168,0,36,21,31.28571429,20.42857143
7/7/2020,2020,7,7,3012182,131290,54084,958,169,0,28,22,31.42857143,20.85714286
7/8/2020,2020,7,8,3071637,132238,59455,948,170,0,28,24,31.57142857,21.57142857
7/9/2020,2020,7,9,3131526,133079,59889,841,171,0,32,24,31.42857143,22.14285714
7/10/2020,2020,7,10,3199753,133907,68227,828,172,0,25,23,30.42857143,22.28571429
7/11/2020,2020,7,11,3260474,134582,60721,675,173,0,28,22,30,22.57142857
7/12/2020,2020,7,12,3318279,134977,57805,395,174,0,31,22,29.71428571,22.57142857
7/13/2020,2020,7,13,3379846,135402,61567,425,175,0,30,21,28.85714286,22.57142857
7/14/2020,2020,7,14,3445448,136356,65602,954,176,0,29,21,29,22.42857143
7/15/2020,2020,7,15,3513790,137327,68342,971,177,0,28,21,29,22
7/16/2020,2020,7,16,3589477,138285,75687,958,178,0,26,21,28.14285714,21.57142857
7/17/2020,2020,7,17,3660400,139186,70923,901,179,0,29,21,28.71428571,21.28571429
7/18/2020,2020,7,18,3722851,139961,62451,775,180,0,33,22,29.42857143,21.28571429
7/19/2020,2020,7,19,3785126,140373,62275,412,181,0,34,25,29.85714286,21.71428571
7/20/2020,2020,7,20,3845014,140904,59888,531,182,0,34,27,30.42857143,22.57142857
7/21/2020,2020,7,21,3910291,142031,65277,1127,183,0,33,25,31,23.14285714
7/22/2020,2020,7,22,3980030,143167,69739,1136,184,0,33,22,31.71428571,23.28571429
7/23/2020,2020,7,23,4050036,144283,70006,1116,185,0,30,23,32.28571429,23.57142857
7/24/2020,2020,7,24,4123561,145429,73525,1146,186,0,27,22,32,23.71428571
7/25/2020,2020,7,25,4190337,146313,66776,884,187,0,31,22,31.71428571,23.71428571
7/26/2020,2020,7,26,4244554,146753,54217,440,188,0,33,25,31.57142857,23.71428571
7/27/2020,2020,7,27,4303735,148449,59181,1696,189,0,34,24,31.57142857,23.28571429
7/28/2020,2020,7,28,4366851,149776,63116,1327,190,0,34,27,31.71428571,23.57142857
7/29/2020,2020,7,29,4433633,151172,66782,1396,191,0,32,25,31.57142857,24
7/30/2020,2020,7,30,4502581,152433,68948,1261,192,0,33,23,32,24
7/31/2020,2020,7,31,4571669,153862,69088,1429,193,0,28,21,32.14285714,23.85714286
8/1/2020,2020,8,1,4628497,154917,56828,1055,194,0,31,22,32.14285714,23.85714286
8/2/2020,2020,8,2,4679291,155337,50794,420,195,0,32,25,32,23.85714286
8/3/2020,2020,8,3,4726775,155945,47484,608,196,0,31,21,31.57142857,23.42857143
8/4/2020,2020,8,4,4780324,157301,53549,1356,197,0,26,21,30.42857143,22.57142857
8/5/2020,2020,8,5,4834047,158554,53723,1253,198,0,30,23,30.14285714,22.28571429
8/6/2020,2020,8,6,4891561,159625,57514,1071,199,0,28,22,29.42857143,22.14285714
8/7/2020,2020,8,7,4952718,160981,61157,1356,200,0,27,19,29.28571429,21.85714286
8/8/2020,2020,8,8,5007958,161947,55240,966,201,0,28,20,28.85714286,21.57142857
8/9/2020,2020,8,9,5056438,162486,48480,539,202,0,31,22,28.71428571,21.14285714
8/10/2020,2020,8,10,5103611,163023,47173,537,203,0,33,24,29,21.57142857
8/11/2020,2020,8,11,5156968,164474,53357,1451,204,0,31,26,29.71428571,22.28571429
8/12/2020,2020,8,12,5211246,165952,54278,1478,205,0,32,22,30,22.14285714
8/13/2020,2020,8,13,5265307,167165,54061,1213,206,0,26,22,29.71428571,22.14285714
8/14/2020,2020,8,14,5324784,168341,59477,1176,207,0,30,23,30.14285714,22.71428571
8/15/2020,2020,8,15,5375527,169400,50743,1059,208,0,29,22,30.28571429,23
8/16/2020,2020,8,16,5417664,169914,42137,514,209,0,22,19,29,22.57142857
8/17/2020,2020,8,17,5455187,170449,37523,535,210,0,27,18,28.14285714,21.71428571
8/18/2020,2020,8,18,5498420,171798,43233,1349,211,0,28,17,27.71428571,20.42857143
8/19/2020,2020,8,19,5541433,173093,43013,1295,212,0,24,19,26.57142857,20
8/20/2020,2020,8,20,5587462,174136,46029,1043,213,0,27,17,26.71428571,19.28571429
8/21/2020,2020,8,21,5636491,175297,49029,1161,214,0,28,20,26.42857143,18.85714286
8/22/2020,2020,8,22,5681517,176247,45026,950,215,0,31,23,26.71428571,19
8/23/2020,2020,8,23,5713850,176693,32333,446,216,0,30,23,27.85714286,19.57142857
8/24/2020,2020,8,24,5754254,177197,40404,504,217,0,32,24,28.57142857,20.42857143
8/25/2020,2020,8,25,5793437,178410,39183,1213,218,0,32,22,29.14285714,21.14285714
8/26/2020,2020,8,26,5838756,179603,45319,1193,219,0,25,19,29.28571429,21.14285714
8/27/2020,2020,8,27,5884366,180729,45610,1126,220,0,32,19,30,21.42857143
8/28/2020,2020,8,28,5930930,181739,46564,1010,221,0,29,22,30.14285714,21.71428571
8/29/2020,2020,8,29,5975540,182610,44610,871,222,0,27,22,29.57142857,21.57142857
8/30/2020,2020,8,30,6008970,182984,33430,374,223,0,26,19,29,21
8/31/2020,2020,8,31,6045455,183472,36485,488,224,0,25,17,28,20
9/1/2020,2020,9,1,6089504,184563,44049,1091,225,0,25,19,27,19.57142857
9/2/2020,2020,9,2,6121948,185639,32444,1076,226,0,26,21,27.14285714,19.85714286
9/3/2020,2020,9,3,6168342,186717,46394,1078,227,0,29,21,26.71428571,20.14285714
9/4/2020,2020,9,4,6220446,187697,52104,980,228,0,29,21,26.71428571,20
9/5/2020,2020,9,5,6262700,188409,42254,712,229,0,27,18,26.71428571,19.42857143
9/6/2020,2020,9,6,6292699,188820,29999,411,230,0,28,19,27,19.42857143
9/7/2020,2020,9,7,6317865,189083,25166,263,231,0,26,19,27.14285714,19.71428571
9/8/2020,2020,9,8,6346806,189541,28941,458,232,0,29,20,27.71428571,19.85714286
9/9/2020,2020,9,9,6380138,190716,33332,1175,233,0,27,21,27.85714286,19.85714286
9/10/2020,2020,9,10,6418198,191631,38060,915,234,0,28,23,27.71428571,20.14285714
9/11/2020,2020,9,11,6465766,192858,47568,1227,235,0,24,18,27,19.71428571
9/12/2020,2020,9,12,6504870,193559,39104,701,236,0,23,16,26.42857143,19.42857143
9/13/2020,2020,9,13,6538213,193958,33343,399,237,0,23,16,25.71428571,19
9/14/2020,2020,9,14,6575100,194408,36887,450,238,0,24,15,25.42857143,18.42857143
9/15/2020,2020,9,15,6614317,195689,39217,1281,239,0,19,12,24,17.28571429
9/16/2020,2020,9,16,6653585,196686,39268,997,240,0,22,13,23.28571429,16.14285714
9/17/2020,2020,9,17,6698895,197535,45310,849,241,0,24,18,22.71428571,15.42857143
9/18/2020,2020,9,18,6747782,198484,48887,949,242,0,21,13,22.28571429,14.71428571
9/19/2020,2020,9,19,6789593,199154,41811,670,243,0,17,10,21.42857143,13.85714286
9/20/2020,2020,9,20,6825949,199367,36356,213,244,0,18,10,20.71428571,13
9/21/2020,2020,9,21,6880899,199797,54950,430,245,0,18,9,19.85714286,12.14285714
9/22/2020,2020,9,22,6918290,200738,37391,941,246,0,22,9,20.28571429,11.71428571
9/23/2020,2020,9,23,6959841,201828,41551,1090,247,0,26,14,20.85714286,11.85714286
9/24/2020,2020,9,24,7005043,202713,45202,885,248,0,24,17,20.85714286,11.71428571
9/25/2020,2020,9,25,7059624,203566,54581,853,249,0,25,17,21.42857143,12.28571429
9/26/2020,2020,9,26,7102321,204335,42697,769,250,0,23,18,22.28571429,13.42857143
9/27/2020,2020,9,27,7139619,204602,37298,267,251,0,26,19,23.42857143,14.71428571
9/28/2020,2020,9,28,7176979,204952,37360,350,252,0,25,21,24.42857143,16.42857143
9/29/2020,2020,9,29,7220676,205878,43697,926,253,0,23,19,24.57142857,17.85714286
9/30/2020,2020,9,30,7262734,206852,42058,974,254,0,22,16,24,18.14285714
10/1/2020,2020,10,1,7309152,207699,46418,847,255,0,22,16,23.71428571,18
10/2/2020,2020,10,2,7362732,208564,53580,865,256,0,18,12,22.71428571,17.28571429
10/3/2020,2020,10,3,7410511,209273,47779,709,257,0,19,11,22.14285714,16.28571429
10/4/2020,2020,10,4,7445574,209606,35063,333,258,0,19,11,21.14285714,15.14285714
10/5/2020,2020,10,5,7507986,210035,62412,429,259,0,21,12,20.57142857,13.85714286
10/6/2020,2020,10,6,7550848,210756,42862,721,260,0,21,14,20.28571429,13.14285714
10/7/2020,2020,10,7,7603865,211752,53017,996,261,0,23,16,20.42857143,13.14285714
10/8/2020,2020,10,8,7660248,212680,56383,928,262,0,18,12,19.85714286,12.57142857
10/9/2020,2020,10,9,7719210,213595,58962,915,263,0,21,10,20.28571429,12.28571429
10/10/2020,2020,10,10,7770858,214187,51648,592,264,0,22,14,20.71428571,12.71428571
10/11/2020,2020,10,11,7815641,214606,44783,419,265,0,19,14,20.71428571,13.14285714
10/12/2020,2020,10,12,7863657,214957,48016,351,266,0,14,9,19.71428571,12.71428571
10/13/2020,2020,10,13,7918051,215783,54394,826,267,0,14,12,18.71428571,12.42857143
10/14/2020,2020,10,14,7977904,216792,59853,1009,268,0,19,10,18.14285714,11.57142857
10/15/2020,2020,10,15,8043257,217585,65353,793,269,0,22,14,18.71428571,11.85714286
10/16/2020,2020,10,16,8113720,218476,70463,891,270,0,19,8,18.42857143,11.57142857
10/17/2020,2020,10,17,8166481,219154,52761,678,271,0,15,7,17.42857143,10.57142857
10/18/2020,2020,10,18,8214363,219541,47882,387,272,0,17,8,17.14285714,9.714285714
10/19/2020,2020,10,19,8279803,220058,65440,517,273,0,18,11,17.71428571,10
10/20/2020,2020,10,20,8340397,220987,60594,929,274,0,22,14,18.85714286,10.28571429
10/21/2020,2020,10,21,8404634,222195,64237,1208,275,0,20,15,19,11
10/22/2020,2020,10,22,8479762,223023,75128,828,276,0,20,18,18.71428571,11.57142857
10/23/2020,2020,10,23,8565059,223953,85297,930,277,0,21,17,19,12.85714286
10/24/2020,2020,10,24,8643640,224825,78581,872,278,0,21,9,19.85714286,13.14285714
10/25/2020,2020,10,25,8703355,225164,59715,339,279,0,12,7,19.14285714,13
10/26/2020,2020,10,26,8777986,225701,74631,537,280,0,15,11,18.71428571,13
10/27/2020,2020,10,27,8852373,226684,74387,983,281,0,15,11,17.71428571,12.57142857
10/28/2020,2020,10,28,8934258,227702,81885,1018,282,0,14,11,16.85714286,12
10/29/2020,2020,10,29,9024915,228706,90657,1004,283,0,13,8,15.85714286,10.57142857
10/30/2020,2020,10,30,9124783,229674,99868,968,284,0,8,3,14,8.571428571
10/31/2020,2020,10,31,9208993,230512,84210,838,285,0,8,0,12.14285714,7.285714286
11/1/2020,2020,11,1,9283188,230940,74195,428,286,0,13,6,12.28571429,7.142857143
11/2/2020,2020,11,2,9377201,231480,94013,540,287,0,7,3,11.14285714,6
11/3/2020,2020,11,3,9469617,232610,92416,1130,288,0,12,4,10.71428571,5
11/4/2020,2020,11,4,9577697,234226,108080,1616,289,0,17,4,11.14285714,4
11/5/2020,2020,11,5,9699030,235334,121333,1108,290,0,19,11,12,4.428571429
11/6/2020,2020,11,6,9831853,236582,132823,1248,291,0,21,13,13.85714286,5.857142857
11/7/2020,2020,11,7,9957785,237589,125932,1007,292,0,23,13,16,7.714285714
11/8/2020,2020,11,8,10061201,238053,103416,464,293,0,24,13,17.57142857,8.714285714
11/9/2020,2020,11,9,10191642,238798,130441,745,294,0,24,12,20,10
11/10/2020,2020,11,10,10331392,240262,139750,1464,295,0,23,16,21.57142857,11.71428571
11/11/2020,2020,11,11,10474277,241693,142885,1431,296,0,22,18,22.28571429,13.71428571
11/12/2020,2020,11,12,10637917,242865,163640,1172,297,0,20,8,22.42857143,13.28571429
11/13/2020,2020,11,13,10819414,244255,181497,1390,298,0,10,8,20.85714286,12.57142857
11/14/2020,2020,11,14,10978447,245465,159033,1210,299,0,11,6,19.14285714,11.57142857
11/15/2020,2020,11,15,11113634,246088,135187,623,300,0,18,5,18.28571429,10.42857143
11/16/2020,2020,11,16,11280194,246884,166560,796,301,0,13,7,16.71428571,9.714285714
11/17/2020,2020,11,17,11441833,248491,161639,1607,302,0,10,2,14.85714286,7.714285714
11/18/2020,2020,11,18,11614116,250415,172283,1924,303,0,2,-1,12,5
11/19/2020,2020,11,19,11801631,252376,187515,1961,304,0,9,-1,10.42857143,3.714285714
11/20/2020,2020,11,20,12000512,254333,198881,1957,305,0,17,7,11.42857143,3.571428571
11/21/2020,2020,11,21,12172457,255758,171945,1425,306,0,18,9,12.42857143,4
11/22/2020,2020,11,22,12313295,256601,140838,843,307,0,15,7,12,4.285714286
11/23/2020,2020,11,23,12493028,257639,179733,1038,308,0,16,6,12.42857143,4.142857143
11/24/2020,2020,11,24,12670931,259848,177903,2209,309,0,9,5,12.28571429,4.571428571
11/25/2020,2020,11,25,12851603,262161,180672,2313,310,0,13,7,13.85714286,5.714285714
11/26/2020,2020,11,26,12954496,263339,102893,1178,311,0,18,13,15.14285714,7.714285714
11/27/2020,2020,11,27,13160382,264751,205886,1412,312,0,17,11,15.14285714,8.285714286
11/28/2020,2020,11,28,13311528,265943,151146,1192,313,0,13,7,14.42857143,8
11/29/2020,2020,11,29,13447900,266761,136372,818,314,0,12,5,14,7.714285714
11/30/2020,2020,11,30,13615739,268031,167839,1270,315,0,17,10,14.14285714,8.285714286
12/1/2020,2020,12,1,13799999,270639,184260,2608,316,0,17,3,15.28571429,8
12/2/2020,2020,12,2,14001210,273525,201211,2886,317,0,6,2,14.28571429,7.285714286
12/3/2020,2020,12,3,14218973,276381,217763,2856,318,0,10,2,13.14285714,5.714285714
12/4/2020,2020,12,4,14450360,279018,231387,2637,319,0,11,7,12.28571429,5.142857143
12/5/2020,2020,12,5,14656033,281208,205673,2190,320,0,8,4,11.57142857,4.714285714
12/6/2020,2020,12,6,14828141,282319,172108,1111,321,0,4,1,10.42857143,4.142857143
12/7/2020,2020,12,7,15032433,283853,204292,1534,322,0,4,0,8.571428571,2.714285714
12/8/2020,2020,12,8,15252314,286674,219881,2821,323,0,2,-1,6.428571429,2.142857143
12/9/2020,2020,12,9,15472050,289830,219736,3156,324,0,3,-1,6,1.714285714
12/10/2020,2020,12,10,15697271,292771,225221,2941,325,0,9,2,5.857142857,1.714285714
12/11/2020,2020,12,11,15977838,295726,280567,2955,326,0,14,4,6.285714286,1.285714286
12/12/2020,2020,12,12,16185267,297981,207429,2255,327,0,14,8,7.142857143,1.857142857
12/13/2020,2020,12,13,16369491,299338,184224,1357,328,0,17,8,9,2.857142857
12/14/2020,2020,12,14,16570615,301016,201124,1678,329,0,8,2,9.571428571,3.142857143
12/15/2020,2020,12,15,16773586,304041,202971,3025,330,0,4,-1,9.857142857,3.142857143
12/16/2020,2020,12,16,17018628,307652,245042,3611,331,0,-1,-4,9.285714286,2.714285714
12/17/2020,2020,12,17,17257055,310950,238427,3298,332,0,1,-4,8.142857143,1.857142857
12/18/2020,2020,12,18,17508278,313820,251223,2870,333,0,0,-4,6.142857143,0.714285714
12/19/2020,2020,12,19,17702197,316381,193919,2561,334,0,0,-7,4.142857143,-1.428571429
12/20/2020,2020,12,20,17882143,317810,179946,1429,335,0,4,-1,2.285714286,-2.714285714
12/21/2020,2020,12,21,18083756,319773,201613,1963,336,0,8,3,2.285714286,-2.571428571
12/22/2020,2020,12,22,18285416,323012,201660,3239,337,0,8,3,2.857142857,-2
12/23/2020,2020,12,23,18513204,326424,227788,3412,338,0,7,2,4,-1.142857143
12/24/2020,2020,12,24,18706752,329248,193548,2824,339,0,15,6,6,0.285714286
12/25/2020,2020,12,25,18807725,330377,100973,1129,340,0,16,-2,8.285714286,0.571428571
12/26/2020,2020,12,26,19024581,332023,216856,1646,341,0,0,-4,8.285714286,1
12/27/2020,2020,12,27,19176674,333253,152093,1230,342,0,3,-4,8.142857143,0.571428571
12/28/2020,2020,12,28,19365740,335152,189066,1899,343,0,10,2,8.428571429,0.428571429
12/29/2020,2020,12,29,19566832,338780,201092,3628,344,0,6,-1,8.142857143,-0.142857143
12/30/2020,2020,12,30,19795855,342588,229023,3808,345,0,6,-2,8,-0.714285714
12/31/2020,2020,12,31,20026890,346050,231035,3462,346,0,9,2,7.142857143,-1.285714286
1/1/2021,2021,1,1,20174150,347970,147260,1920,347,0,4,1,5.428571429,-0.857142857
1/2/2021,2021,1,2,20465532,350343,291382,2373,348,0,11,2,7,0
1/3/2021,2021,1,3,20667499,351694,201967,1351,349,0,3,1,7,0.714285714
1/4/2021,2021,1,4,20919461,353743,251962,2049,350,0,6,2,6.428571429,0.714285714
1/5/2021,2021,1,5,21154488,357432,235027,3689,351,0,6,2,6.428571429,1.142857143
1/6/2021,2021,1,6,21410487,361396,255999,3964,352,0,5,1,6.285714286,1.571428571
1/7/2021,2021,1,7,21690791,365507,280304,4111,353,0,5,-1,5.714285714,1.142857143
1/8/2021,2021,1,8,21991460,369402,300669,3895,354,0,3,-3,5.571428571,0.571428571
1/9/2021,2021,1,9,22243548,372663,252088,3261,355,0,3,-4,4.428571429,-0.285714286
1/10/2021,2021,1,10,22451857,374440,208309,1777,356,0,5,-2,4.714285714,-0.714285714
1/11/2021,2021,1,11,22674885,376488,223028,2048,357,0,3,-2,4.285714286,-1.285714286
1/12/2021,2021,1,12,22904596,380894,229711,4406,358,0,7,1,4.428571429,-1.428571429
1/13/2021,2021,1,13,23133938,384824,229342,3930,359,0,6,2,4.571428571,-1.285714286
1/14/2021,2021,1,14,23372547,388804,238609,3980,360,0,9,4,5.142857143,-0.571428571
1/15/2021,2021,1,15,23613480,392553,240933,3749,361,0,8,3,5.857142857,0.285714286
1/16/2021,2021,1,16,23815113,395894,201633,3341,362,0,8,3,6.571428571,1.285714286
1/17/2021,2021,1,17,23984665,397624,169552,1730,363,0,7,2,6.857142857,1.857142857
1/18/2021,2021,1,18,24127282,399065,142617,1441,364,0,7,3,7.428571429,2.571428571
1/19/2021,2021,1,19,24312341,401836,185059,2771,365,0,6,2,7.285714286,2.714285714
1/20/2021,2021,1,20,24499366,406216,187025,4380,366,0,4,-3,7,2
1/21/2021,2021,1,21,24689504,410351,190138,4135,367,0,6,-4,6.571428571,0.857142857
1/22/2021,2021,1,22,24881266,414082,191762,3731,368,0,7,2,6.428571429,0.714285714
1/23/2021,2021,1,23,25049188,417404,167922,3322,369,0,2,-4,5.571428571,-0.285714286
1/24/2021,2021,1,24,25178680,419219,129492,1815,370,0,0,-6,4.571428571,-1.428571429
1/25/2021,2021,1,25,25334412,421126,155732,1907,371,0,3,-5,4,-2.571428571
1/26/2021,2021,1,26,25486052,425223,151640,4097,372,0,1,-1,3.285714286,-3
1/27/2021,2021,1,27,25641696,429326,155644,4103,373,0,3,-1,3.142857143,-2.714285714
1/28/2021,2021,1,28,25806944,433194,165248,3868,374,0,1,-7,2.428571429,-3.142857143
1/29/2021,2021,1,29,25972616,436794,165672,3600,375,0,-4,-10,0.857142857,-4.857142857
1/30/2021,2021,1,30,26106503,439435,133887,2641,376,0,0,-8,0.571428571,-5.428571429
1/31/2021,2021,1,31,26220001,441299,113498,1864,377,0,-3,-7,0.142857143,-5.571428571
2/1/2021,2021,2,1,26359861,443249,139860,1950,378,1,1,-6,-0.142857143,-5.714285714
2/2/2021,2021,2,2,26477790,446860,117929,3611,379,2,1,-1,-0.142857143,-5.714285714
2/3/2021,2021,2,3,26597834,450703,120044,3843,380,3,3,-2,-0.142857143,-5.857142857
2/4/2021,2021,2,4,26723668,455820,125834,5117,381,4,6,-1,0.571428571,-5
2/5/2021,2021,2,5,26853238,459390,129570,3570,382,5,8,3,2.285714286,-3.142857143
2/6/2021,2021,2,6,26958243,462052,105005,2662,383,6,7,1,3.285714286,-1.857142857
2/7/2021,2021,2,7,27045558,463353,87315,1301,384,7,4,-4,4.285714286,-1.428571429
2/8/2021,2021,2,8,27138372,464936,92814,1583,385,8,-2,-8,3.857142857,-1.714285714
2/9/2021,2021,2,9,27234861,468106,96489,3170,386,9,1,-3,3.857142857,-2
2/10/2021,2021,2,10,27329771,471360,94910,3254,387,10,2,-3,3.714285714,-2.142857143
2/11/2021,2021,2,11,27435436,475238,105665,3878,388,11,1,-3,3,-2.428571429
2/12/2021,2021,2,12,27534988,480701,99552,5463,389,12,-1,-7,1.714285714,-3.857142857
2/13/2021,2021,2,13,27619764,484073,84776,3372,390,13,-1,-4,0.571428571,-4.571428571
2/14/2021,2021,2,14,27683608,485154,63844,1081,391,14,3,-3,0.428571429,-4.428571429
2/15/2021,2021,2,15,27738978,486148,55370,994,392,15,2,-1,1,-3.428571429
2/16/2021,2021,2,16,27803379,487855,64401,1707,393,16,11,1,2.428571429,-2.857142857
2/17/2021,2021,2,17,27873556,490326,70177,2471,394,17,1,-6,2.285714286,-3.285714286
2/18/2021,2021,2,18,27945430,492951,71874,2625,395,18,-1,-4,2,-3.428571429
2/19/2021,2021,2,19,28023459,495572,78029,2621,396,19,1,-2,2.285714286,-2.714285714
2/20/2021,2021,2,20,28093194,497403,69735,1831,397,20,2,-3,2.714285714,-2.571428571
2/21/2021,2021,2,21,28148389,498650,55195,1247,398,21,3,-4,2.714285714,-2.714285714
2/22/2021,2021,2,22,28207856,500104,59467,1454,399,22,4,0,3,-2.571428571
2/23/2021,2021,2,23,28279654,502432,71798,2328,400,23,7,2,2.428571429,-2.428571429
2/24/2021,2021,2,24,28353782,505642,74128,3210,401,24,12,4,4,-1
2/25/2021,2021,2,25,28431585,508107,77803,2465,402,25,10,4,5.571428571,0.142857143
2/26/2021,2021,2,26,28509857,510283,78272,2176,403,26,7,1,6.428571429,0.571428571
2/27/2021,2021,2,27,28572550,511850,62693,1567,404,27,10,3,7.571428571,1.428571429
2/28/2021,2021,2,28,28623470,512979,50920,1129,405,28,7,5,8.142857143,2.714285714
3/1/2021,2021,3,1,28680149,514404,56679,1425,406,29,9,-1,8.857142857,2.571428571
3/2/2021,2021,3,2,28737939,515710,57790,1306,407,30,1,-6,8,1.428571429
3/3/2021,2021,3,3,28804654,518079,66715,2369,408,31,11,0,7.857142857,0.857142857
3/4/2021,2021,3,4,28872014,520028,67360,1949,409,32,7,-3,7.428571429,-0.142857143
3/5/2021,2021,3,5,28937753,522511,65739,2483,410,33,3,-5,6.857142857,-1
3/6/2021,2021,3,6,28994354,523970,56601,1459,411,34,1,-2,5.571428571,-1.714285714
3/7/2021,2021,3,7,29034690,524652,40336,682,412,35,5,-2,5.285714286,-2.714285714
3/8/2021,2021,3,8,29133209,525467,98519,815,413,36,6,-3,4.857142857,-3
3/9/2021,2021,3,9,29189072,527352,55863,1885,414,37,18,6,7.285714286,-1.285714286
3/10/2021,2021,3,10,29247574,528829,58502,1477,415,38,12,5,7.428571429,-0.571428571
3/11/2021,2021,3,11,29310263,530351,62689,1522,416,39,22,7,9.571428571,0.857142857
3/12/2021,2021,3,12,29374443,532058,64180,1707,417,40,20,11,12,3.142857143
3/13/2021,2021,3,13,29424168,533904,49725,1846,418,41,11,1,13.42857143,3.571428571
3/14/2021,2021,3,14,29462200,534476,38032,572,419,42,12,-1,14.42857143,3.714285714
3/15/2021,2021,3,15,29519341,535227,57141,751,420,43,4,-4,14.14285714,3.571428571
3/16/2021,2021,3,16,29573782,536472,54441,1245,421,44,3,-2,12,2.428571429
3/17/2021,2021,3,17,29632723,537649,58941,1177,422,45,8,1,11.42857143,1.857142857
3/18/2021,2021,3,18,29693583,539207,60860,1558,423,46,8,5,9.428571429,1.571428571
3/19/2021,2021,3,19,29754181,540720,60598,1513,424,47,6,-1,7.428571429,-0.142857143
3/20/2021,2021,3,20,29808812,541493,54631,773,425,48,15,1,8,-0.142857143
3/21/2021,2021,3,21,29843049,541937,34237,444,426,49,17,6,8.714285714,0.857142857
3/22/2021,2021,3,22,29897707,542587,54658,650,427,50,17,6,10.57142857,2.285714286
3/23/2021,2021,3,23,29954506,543479,56799,892,428,51,19,6,12.85714286,3.428571429
3/24/2021,2021,3,24,30034341,545070,79835,1591,429,52,13,8,13.57142857,4.428571429
3/25/2021,2021,3,25,30103835,546340,69494,1270,430,53,20,9,15.28571429,5
3/26/2021,2021,3,26,30178591,547600,74756,1260,431,54,28,11,18.42857143,6.714285714
3/27/2021,2021,3,27,30239205,548380,60614,780,432,55,21,10,19.28571429,8
3/28/2021,2021,3,28,30284115,548867,44910,487,433,56,16,9,19.14285714,8.428571429
3/29/2021,2021,3,29,30354909,549552,70794,685,434,57,13,7,18.57142857,8.571428571
3/30/2021,2021,3,30,30416970,550500,62061,948,435,58,16,6,18.14285714,8.571428571
3/31/2021,2021,3,31,30485232,551638,68262,1138,436,59,19,10,19,8.857142857
4/1/2021,2021,4,1,30562601,552593,77369,955,437,60,14,3,18.14285714,8
4/2/2021,2021,4,2,30631753,553554,69152,961,438,61,4,-2,14.71428571,6.142857143
4/3/2021,2021,4,3,30695580,554302,63827,748,439,62,12,0,13.42857143,4.714285714
4/4/2021,2021,4,4,30732273,554579,36693,277,440,63,18,7,13.71428571,4.428571429
4/5/2021,2021,4,5,30808897,555109,76624,530,441,64,20,12,14.71428571,5.142857143
4/6/2021,2021,4,6,30870922,556016,62025,907,442,65,21,8,15.42857143,5.428571429
,2021,4,7,,,,,,66,22,9,15.85714286,5.285714286
,2021,4,8,,,,,,67,19,8,16.57142857,6
,2021,4,9,,,,,,68,16,9,18.28571429,7.571428571
,2021,4,10,,,,,,69,19,13,19.28571429,9.428571429
